<?xml version="1.0" encoding="UTF-8"?>
<CustomField xmlns="http://soap.sforce.com/2006/04/metadata">
    <fullName>Status__c</fullName>
    <externalId>false</externalId>
    <label>Status</label>
    <required>true</required>
    <trackHistory>false</trackHistory>
    <trackTrending>false</trackTrending>
    <type>Picklist</type>
    <valueSet>
        <restricted>true</restricted>
        <valueSetDefinition>
            <sorted>true</sorted>
            <value>
                <fullName>Closed</fullName>
                <default>false</default>
                <label>Closed</label>
            </value>
            <value>
                <fullName>Disbursed</fullName>
                <default>false</default>
                <label>Disbursed</label>
            </value>
            <value>
                <fullName>On Going</fullName>
                <default>false</default>
                <label>On Going</label>
            </value>
        </valueSetDefinition>
    </valueSet>
</CustomField>
