<?xml version="1.0" encoding="UTF-8"?>
<CustomField xmlns="http://soap.sforce.com/2006/04/metadata">
    <fullName>Type__c</fullName>
    <externalId>false</externalId>
    <label>Type</label>
    <required>false</required>
    <trackHistory>false</trackHistory>
    <trackTrending>false</trackTrending>
    <type>Picklist</type>
    <valueSet>
        <restricted>true</restricted>
        <valueSetDefinition>
            <sorted>true</sorted>
            <value>
                <fullName>Car Loan</fullName>
                <default>false</default>
                <label>Car Loan</label>
            </value>
            <value>
                <fullName>Home Loan</fullName>
                <default>false</default>
                <label>Home Loan</label>
            </value>
            <value>
                <fullName>Personal Loan</fullName>
                <default>false</default>
                <label>Personal Loan</label>
            </value>
            <value>
                <fullName>Two wheeler Loan</fullName>
                <default>false</default>
                <label>Two wheeler Loan</label>
            </value>
        </valueSetDefinition>
    </valueSet>
</CustomField>
