<?xml version="1.0" encoding="UTF-8"?>
<ListView xmlns="http://soap.sforce.com/2006/04/metadata">
    <fullName>Active_Loans</fullName>
    <columns>NAME</columns>
    <columns>Principal_Amount__c</columns>
    <columns>Interest_Amount__c</columns>
    <columns>Remaining_Amount__c</columns>
    <columns>Status__c</columns>
    <filterScope>Mine</filterScope>
    <filters>
        <field>Status__c</field>
        <operation>notEqual</operation>
        <value>Closed</value>
    </filters>
    <label>Active Loans</label>
</ListView>
