<?xml version="1.0" encoding="UTF-8"?>
<CustomField xmlns="http://soap.sforce.com/2006/04/metadata">
    <fullName>Payment_Method__c</fullName>
    <externalId>false</externalId>
    <label>Payment Method</label>
    <required>false</required>
    <trackHistory>false</trackHistory>
    <trackTrending>false</trackTrending>
    <type>Picklist</type>
    <valueSet>
        <restricted>true</restricted>
        <valueSetDefinition>
            <sorted>false</sorted>
            <value>
                <fullName>Cash</fullName>
                <default>false</default>
                <label>Cash</label>
            </value>
            <value>
                <fullName>Credit Card</fullName>
                <default>false</default>
                <label>Credit Card</label>
            </value>
            <value>
                <fullName>Net Banking</fullName>
                <default>false</default>
                <label>Net Banking</label>
            </value>
            <value>
                <fullName>UPI</fullName>
                <default>false</default>
                <label>UPI</label>
            </value>
        </valueSetDefinition>
    </valueSet>
</CustomField>
