<?xml version="1.0" encoding="UTF-8"?>
<CustomField xmlns="http://soap.sforce.com/2006/04/metadata">
    <fullName>pi__url__c</fullName>
    <deprecated>false</deprecated>
    <description>This link takes you directly into the relevant prospect&apos;s profile within Pardot. From there you can view his or her complete activity history. This URL is generated within the Pardot system and cannot be edited in Salesforce.com.</description>
    <externalId>false</externalId>
    <label>Pardot URL</label>
    <required>false</required>
    <trackFeedHistory>false</trackFeedHistory>
    <type>Url</type>
</CustomField>
