<?xml version="1.0" encoding="UTF-8"?>
<CustomField xmlns="http://soap.sforce.com/2006/04/metadata">
    <fullName>pi__conversion_object_name__c</fullName>
    <deprecated>false</deprecated>
    <description>This is the name of the object (form, form handler, landing page, or video form) that converted an anonymous visitor into a named prospect.</description>
    <externalId>false</externalId>
    <label>Pardot Conversion Object Name</label>
    <length>255</length>
    <required>false</required>
    <trackFeedHistory>false</trackFeedHistory>
    <type>Text</type>
    <unique>false</unique>
</CustomField>
