<?xml version="1.0" encoding="UTF-8"?>
<CustomField xmlns="http://soap.sforce.com/2006/04/metadata">
    <fullName>pi__conversion_date__c</fullName>
    <deprecated>false</deprecated>
    <description>The date and time of the form, form handler, or landing page submission when a Pardot tracked anonymous visitor first became a known prospect.</description>
    <externalId>false</externalId>
    <label>Pardot Conversion Date</label>
    <required>false</required>
    <trackFeedHistory>false</trackFeedHistory>
    <type>DateTime</type>
</CustomField>
