<?xml version="1.0" encoding="UTF-8"?>
<CustomField xmlns="http://soap.sforce.com/2006/04/metadata">
    <fullName>pi__Needs_Score_Synced__c</fullName>
    <defaultValue>false</defaultValue>
    <deprecated>false</deprecated>
    <description>Used for Pardot Scoring Categories. Indicates that new scores will soon be synced from Pardot for this contact.

            Scoring Categories are used for multi-product engagement scoring in Pardot and are available to customers using Pardot Pro Edition and Pardot Ultimate Edition. Please visit this page for more information on this feature and how to set up Salesforce to view these scores: http://help.pardot.com/customer/portal/articles/2396977-scoring-categories-overview</description>
    <externalId>false</externalId>
    <label>Needs Score Synced</label>
    <trackFeedHistory>false</trackFeedHistory>
    <type>Checkbox</type>
</CustomField>
