<?xml version="1.0" encoding="UTF-8"?>
<WebLink xmlns="http://soap.sforce.com/2006/04/metadata">
    <fullName>pi__Send_to_Prospect_Insight</fullName>
    <availability>online</availability>
    <description>Send this Contact to Pardot</description>
    <displayType>button</displayType>
    <encodingKey>UTF-8</encodingKey>
    <height>600</height>
    <linkType>url</linkType>
    <masterLabel>Send to Pardot</masterLabel>
    <openType>sidebar</openType>
    <protected>false</protected>
    <url>/apex/pi__SendToPardot?contactEmail={!URLENCODE(Contact.Email)}&amp;contactId={!Contact.Id}&amp;serverUrl={!$Api.Partner_Server_URL_90}</url>
</WebLink>
